-- MySQL dump 10.13  Distrib 8.0.28, for Win64 (x86_64)
--
-- Host: 192.168.1.168    Database: PIEZAS_Y_PROVEEDORES
-- ------------------------------------------------------
-- Server version	8.0.27

/*!40101 SET @OLD_CHARACTER_SET_CLIENT=@@CHARACTER_SET_CLIENT */;
/*!40101 SET @OLD_CHARACTER_SET_RESULTS=@@CHARACTER_SET_RESULTS */;
/*!40101 SET @OLD_COLLATION_CONNECTION=@@COLLATION_CONNECTION */;
/*!50503 SET NAMES utf8 */;
/*!40103 SET @OLD_TIME_ZONE=@@TIME_ZONE */;
/*!40103 SET TIME_ZONE='+00:00' */;
/*!40014 SET @OLD_UNIQUE_CHECKS=@@UNIQUE_CHECKS, UNIQUE_CHECKS=0 */;
/*!40014 SET @OLD_FOREIGN_KEY_CHECKS=@@FOREIGN_KEY_CHECKS, FOREIGN_KEY_CHECKS=0 */;
/*!40101 SET @OLD_SQL_MODE=@@SQL_MODE, SQL_MODE='NO_AUTO_VALUE_ON_ZERO' */;
/*!40111 SET @OLD_SQL_NOTES=@@SQL_NOTES, SQL_NOTES=0 */;

--
-- Table structure for table `PIEZAS`
--
CREATE TABLE usuario(
    id int AUTO_INCREMENT,
    username VARCHAR(100),
    password VARCHAR(255),
    role varchar(100),
    PRIMARY KEY (id)
);
INSERT INTO Usuario (username, password, role) VALUES ('admin', '$2a$10$XURPShQNCsLjp1ESc2laoObo9QZDhxz73hJPaEv7/cBha4pk0AgP.','admin');
DROP TABLE IF EXISTS `PIEZAS`;
/*!40101 SET @saved_cs_client     = @@character_set_client */;
/*!50503 SET character_set_client = utf8mb4 */;
CREATE TABLE `PIEZAS` (
  `id` int NOT NULL AUTO_INCREMENT,
  `nombre` varchar(100) CHARACTER SET utf8 COLLATE utf8_general_ci NOT NULL,
  PRIMARY KEY (`id`)
) ENGINE=InnoDB AUTO_INCREMENT=6 DEFAULT CHARSET=utf8mb4 COLLATE=utf8mb4_0900_ai_ci;
/*!40101 SET character_set_client = @saved_cs_client */;

--
-- Dumping data for table `PIEZAS`
--

LOCK TABLES `PIEZAS` WRITE;
/*!40000 ALTER TABLE `PIEZAS` DISABLE KEYS */;
INSERT INTO `PIEZAS` VALUES (1,'Martillo'),(2,'clavos'),(3,'llaves'),(4,'tuercas'),(5,'electrodos');
/*!40000 ALTER TABLE `PIEZAS` ENABLE KEYS */;
UNLOCK TABLES;

--
-- Table structure for table `PROVEEDORES`
--

DROP TABLE IF EXISTS `PROVEEDORES`;
/*!40101 SET @saved_cs_client     = @@character_set_client */;
/*!50503 SET character_set_client = utf8mb4 */;
CREATE TABLE `PROVEEDORES` (
  `id` int NOT NULL AUTO_INCREMENT,
  `nombre` varchar(100) CHARACTER SET utf8 COLLATE utf8_general_ci NOT NULL,
  PRIMARY KEY (`id`)
) ENGINE=InnoDB AUTO_INCREMENT=6 DEFAULT CHARSET=utf8mb4 COLLATE=utf8mb4_0900_ai_ci;
/*!40101 SET character_set_client = @saved_cs_client */;

--
-- Dumping data for table `PROVEEDORES`
--

LOCK TABLES `PROVEEDORES` WRITE;
/*!40000 ALTER TABLE `PROVEEDORES` DISABLE KEYS */;
INSERT INTO `PROVEEDORES` VALUES (1,'Martillo al mil'),(2,'clavos por millón'),(3,'llaves y más'),(4,'tuercas para todos'),(5,'electrodos para ti');
/*!40000 ALTER TABLE `PROVEEDORES` ENABLE KEYS */;
UNLOCK TABLES;

--
-- Table structure for table `SUMINISTRA`
--

DROP TABLE IF EXISTS `SUMINISTRA`;
/*!40101 SET @saved_cs_client     = @@character_set_client */;
/*!50503 SET character_set_client = utf8mb4 */;
CREATE TABLE `SUMINISTRA` (
  `id` int NOT NULL AUTO_INCREMENT,
  `idProveedor` int NOT NULL,
  `idPieza` int DEFAULT NULL,
  `precio` int DEFAULT NULL,
  PRIMARY KEY (`id`),
  KEY `idProveedor` (`idProveedor`),
  KEY `idPieza` (`idPieza`),
  CONSTRAINT `SUMINISTRA_ibfk_1` FOREIGN KEY (`idProveedor`) REFERENCES `PROVEEDORES` (`id`) ON DELETE CASCADE ON UPDATE CASCADE,
  CONSTRAINT `SUMINISTRA_ibfk_2` FOREIGN KEY (`idPieza`) REFERENCES `PIEZAS` (`id`) ON DELETE CASCADE ON UPDATE CASCADE
) ENGINE=InnoDB AUTO_INCREMENT=6 DEFAULT CHARSET=utf8mb4 COLLATE=utf8mb4_0900_ai_ci;
/*!40101 SET character_set_client = @saved_cs_client */;

--
-- Dumping data for table `SUMINISTRA`
--

LOCK TABLES `SUMINISTRA` WRITE;
/*!40000 ALTER TABLE `SUMINISTRA` DISABLE KEYS */;
INSERT INTO `SUMINISTRA` VALUES (1,1,1,50),(2,2,2,15),(3,3,3,85),(4,4,4,17),(5,5,5,23);
/*!40000 ALTER TABLE `SUMINISTRA` ENABLE KEYS */;
UNLOCK TABLES;
/*!40103 SET TIME_ZONE=@OLD_TIME_ZONE */;

/*!40101 SET SQL_MODE=@OLD_SQL_MODE */;
/*!40014 SET FOREIGN_KEY_CHECKS=@OLD_FOREIGN_KEY_CHECKS */;
/*!40014 SET UNIQUE_CHECKS=@OLD_UNIQUE_CHECKS */;
/*!40101 SET CHARACTER_SET_CLIENT=@OLD_CHARACTER_SET_CLIENT */;
/*!40101 SET CHARACTER_SET_RESULTS=@OLD_CHARACTER_SET_RESULTS */;
/*!40101 SET COLLATION_CONNECTION=@OLD_COLLATION_CONNECTION */;
/*!40111 SET SQL_NOTES=@OLD_SQL_NOTES */;

-- Dump completed on 2022-11-17  9:43:06
